datetime;long_symbols;shotr_symbols
2025-07-04 09:11:59;ORCL, CRWD, RCL, CVNA, IMO, SYM, SOFI, CG, CLS, BURL, QXO, DOCS, U, NCLH, NXT, CAE, SRAD, SATS, OSK, GTLS, FLS, STRL, DDS, RVMD, GDS, CAR, DAR, SHAK, IESC, SEZL, BE, SGHC, BGC, DJT, CORZ, QBTS, TSEM, BOOT, PRIM, SXT, TTMI, BANF, SLNO, IAG, ODD, CYTK, KRYS, CUK, TCBI, ATAT, YOU, RGTI, RARE, DAVE, REZI, MLCO, GEO, PI, SRRK, NCNO, VAL, HWKN, VKTX, GSAT, USLM, SAH, QUBT, PBF, APGE, CCEC, CWK, DOCN, PFS, REVG, HNI, FRME, NEXT, TRMK, CXW, TRIP, SOC, TWST, PRM, OSW, NAMS, SEI, STNG, COCO, NN, VSAT, AGIO, PBI, CSTM, WMK, SXI, SID
2025-07-07 11:30:50;RBLX, FICO, CRCL, AFRM, FLEX, TRU, RCI, RBRK, ALGN, DRS, WYNN, NXT, CAE, KVYO, SATS, SRAD, GAP, STRL, BIO, CAR, IESC, CDE, ETSY, VERX, BOOT, BLCO, LUMN, PRIM, IREN, ATAT, CNXC, MLCO, BRSL, GEF, ASAN, AGYS, VAL, CHA, HWKN, NEXT, HSAI, NMRK, PRM, CXM, APPN, ENVX, FIVN
2025-07-08 11:31:38;PAYC, U, MGA, TTAN, JOBY, GTLB, BZ, LEGN, ALGM, LEA, SOUN, BLCO, NE, QS, HGV, CNXC, BRSL, VAL, AGYS, ASO, CLVT, TDW, ARWR, ACHC, NATL, KWR, FIVN
2025-07-09 17:31:35;PSX, FUTU, BE, AXSM, RAL, BMA, PCVX, CYTK, SSL, CRNX, DFH, NAMS, CXM, AGIO
2025-07-10 17:31:21;MCHP, ON, PHM, DOW, LYB, TRU, ZG, Z, XPO, TER, BLDR, ALGN, ENTG, LAMR, WLK, BLD, CAVA, AUR, ALB, QRVO, SAIA, LSCC, W, MKSI, TMHC, FBIN, ETSY, LNTH, SQM, ENPH, RAL, WSC, MTH, BOOT, THO, COTY, RHI, KBH, INSP, BC, RH, AAP, NVST, VAL, COMP, SRRK, PATK, ICUI, SSL, AVNT, MHO, CVI, PBF, MANU, VC, RXO, PII, DIOD, SYNA, TTAM, IBRX, VSH, FRME, BANR, PRM, CPRI, KWR, ACHC, HUBG, QDEL, MCW, MAN, VCEL, HUN, ENOV, EPAC, ARDT
2025-07-11 14:31:14;TMO, GEV, HOOD, SLB, VG, FANG, SOFI, LUV, HAL, OVV, SMR, JOBY, OKLO, NIO, RGEN, APA, MARA, CAR, BRKR, MTDR, LITE, GH, CHRD, IESC, SBSW, QS, CNX, PRIM, MRP, MGY, ADMA, WFRD, MRUS, HL, CNR, MUR, AAP, LEU, PONY, TAC, SM, PTGX, PBF, MLTX, IMVT, CIVI, GLXY, ENVX, HCC, NEXT, TDW, VOYG, ACLS, TRIP, AGIO
2025-07-14 14:34:49;RBLX, WPM, EQT, RKLB, ASTS, GME, MDGL, CAR, TSEM, MRP, CYTK, IRTC, ANF, KRYS, HNGE, ORLA, PTGX, SMPL, GPOR, DEI, IMVT, WRBY, PCT, RDW, HSAI, APLS
2025-07-15 14:31:35;GEV, MSTR, SE, RBLX, AS, RKLB, TWLO, ASTS, NBIS, MP, CAI, ACHR, CAR, RAL, CORZ, TBBK, MRX, RLX
2025-07-17 14:31:55;ARM, SHOP, HOOD, RBLX, NET, SYM, PTC, INSM, SNAP, U, ENTG, TEM, HQY, OLLI, FIVE, CORT, STRL, QS, LITE, IESC, ROAD, TGTX, NUVL, RYTM, SGHC, GLBE, AXSM, SITM, SPSC, TSEM, SOUN, MOD, BILL, PCVX, RIOT, CYTK, MRUS, RDNT, SMTC, SRRK, ACAD, PLMR, ZETA, VKTX, PTGX, MLTX, PSMT, AGYS, GLXY, TR, ATS, AMBA, POWL, LGND, APLS, VOYG, AGIO, BBAI, APGE, TRUP, EVEX, CIFR, NIC, CNTA, IRON
2025-07-18 14:31:58;KVUE, CCJ, FUTU, FNF, NIO, PEGA, BULL, LEU, CNR, MCY, AAPG, GPOR, PRCT, TR, NEXT, GENI, HCC, LGND
2025-07-21 14:32:31;RBLX, FICO, MPWR, NRG, HUBS, UI, ALAB, DECK, JOBY, CHYM, KTOS, NIO, REXR, AA, BEP, NNNN, UWMC, ALGM, BBWI, BOKF, LIF, RIOT, CLF, CAMT, MCY, MGNI, RXRX, WRBY, LGND, PGY, CPRI, BANC, PBI, MTRN
2025-07-22 14:57:00;NIO, NAMS, NG, CENX
2025-07-23 14:32:47;SNPS, BAM, SLB, HSY, WBD, TWLO, FUTU, MDB, XPO, TLN, OMC, BLDR, BF.A, BF.B, MRNA, HIMS, VTRS, BLD, TEM, CAVA, LINE, DAY, REXR, CMA, CRL, W, MIDD, ESAB, BZ, GTLB, DDS, TREX, CAR, BBWI, JBTM, SBSW, ELF, APA, CZR, CROX, CRSP, WSC, WHR, VFC, LAZ, ETOR, NE, COTY, KRYS, IPAR, RUSHA, RH, COMP, ASO, ZETA, CALX, TAC, MUR, FRPT, VAL, ASAN, ATHM, XRAY, BCC, SHC, PRCT, KYMR, TR, FA, LMND, IMVT, HOG, UA, UAA, SM, CLVT, PII, PENN, CRGY, CIVI, VSEC, RIG, ALVO, MPW, NAMS, NWL, ATKR, LU, TDW, IBRX, HTZ, ASH, BB, TRIP, APGE, PTEN, ABR, PK, STNG, BEAM, LUNR, TRUP, OII, FIVN, CC, EVCM, LBRT, SEI
2025-07-24 14:32:07;PLTR, GE, TEL, PCAR, SLB, BKR, HSY, IQV, RYAAY, WBD, HAL, ILMN, OMC, BF.B, BF.A, CX, AUR, VTRS, OKLO, IVZ, AVTR, CRL, CMA, BE, TREX, APA, LIF, WHR, ETOR, RIOT, NOV, MRUS, NE, WFRD, RUSHA, ACLX, UEC, MUR, VKTX, CALX, VAL, TEX, PRCT, TR, SM, UAA, UA, CLVT, BTDR, CIVI, CRGY, POWL, LU, NOG, VSEC, RIG, ATKR, TDW, APGE, OII, IDYA, MESO, FSM, UUUU
2025-07-25 14:34:53;PLTR, AMD, NET, URI, SMCI, IBKR, MDB, OKTA, DPZ, YPF, GL, CFLT, LW, BE, MRUS, SEZL, ACLX, LPL, WRD
2025-07-28 14:34:13;TEL, URI, GM, SMCI, EL, ILMN, BLDR, CMA, ENSG, W, MHK, R, WH, BRKR, RAL, ONTO, MRUS, HGV, SMTC, CAMT, COTY, M, PTGX, SGRY, PBF, GTX, TWST, PHIN, NATL
2025-07-29 14:32:13;AMD, SE, VRT, UI, JBL, CLS, HAL, CRDO, COHR, YPF, CX, CELH, RMBS, MOG.A, MOD, TTMI, LUMN, ABVX, PAM, COMP, VEON, GEO, RSI, CRGY, ALVO, PTEN, CSTM, AEO, TGS
2025-07-30 14:31:56;AMD, VST, TLN, HIMS, AR, PEGA, BE, EAT, MOG.A, ADMA, PTCT, ECG, PCH, DAVE, GRFS, NBTB, GLPG, IHS
2025-07-31 14:32:23;APP, CEG, HCA, VST, AXON, GLW, SMCI, EL, EQT, STX, SOFI, FIX, ALAB, TLN, THC, U, NBIS, SAIL, GNRC, UHS, BE, ENSG, MOD, SEZL, TTMI, CYTK, ADMA, KRYS, PTCT, ACAD, ODD, WW, SOC, EE, JBGS, HUT, AMSC, MTRN, PSIX, GEL
2025-08-01 14:32:17;ALNY, RKT, INSM, ASND, NIO, ABVX, IRTC, SLNO, KRYS, LBTYA, APLS, CNTA, VSAT, IHS
2025-08-04 14:31:57;GEV, ALNY, GLW, TTD, EBAY, EA, RDDT, SYM, AU, WSM, CLS, ALAB, SMMT, INSM, NVT, MAS, BAH, FRHC, FN, APPF, PPC, ASND, SPXC, OSK, AWI, BWA, CIGI, MDGL, KBR, HR, IBP, TSEM, IRTC, MTH, RGTI, BCPC, PI, EGO, ODD, LBTYA, HNGE, APLD, LAUR, PCH, MRCY, AVNT, APLS, NMRK, XENE, PGY, SAM, ARWR, SXI, AEO, ATEC, KWR, FOLD, AUGO
2025-08-05 14:32:04;ABBV, AEM, REGN, ALNY, AU, SMMT, KGC, INSM, FUTU, UTHR, FRHC, GME, STRL, MASI, CIGI, IDCC, RVMD, TSEM, BCPC, BTG, EGO, IAG, CORZ, HL, HNGE, LBTYA, LBTYK, HGTY, EXPO, GRND, MHO, VSEC, SEB, GSAT, APLS, DOCN, DRVN, HCC, XENE, SXI, IRON, FSM
2025-08-06 14:32:28;PLTR, NEM, AEM, WPM, AU, CVE, KGC, CHRW, TAP, SPXC, BULL, LNC, TAL, EQX, KNF, ANF, MRP, EGO, NE, IAG, PAM, HNGE, IRT, OSCR, LAUR, GBTG, VSAT, SSRM, RIG, SAH, SUPN, BBU, CXW, INSW, WWW, CSAN
2025-08-07 14:33:44;PLTR, ALNY, IP, PAAS, YMM, NNNN, GLBE, ETSY, OR, BCO, PONY, ATAT, INTR, MIRM, SGRY, MENS, HSAI, BLTE, VNET, ESBA
2025-08-08 14:32:57;AAPL, PLTR, TSLA, ANET, SPOT, LRCX, HOOD, DELL, CLS, KSPI, CHWY, U, CIEN, CX, FN, KTOS, SWKS, ATR, LITE, MKSI, SANM, PRIM, HL, CPA, GVA, ACAD, VKTX, ACLX, OSCR, KTB, HWKN, SEB, COMM, AGX, TBBB, POWL, WD, LIVN, AMRX, PRM, HSAI, HURN, VITL, CSAN
2025-08-11 14:34:32;UNH, APP, HOOD, DELL, MRVL, CRWV, ALNY, RDDT, TKO, UI, INSM, ON, KSPI, NBIS, EQH, VTRS, NVMI, HALO, BMNR, LRN, ROAD, SOUN, NXST, AEIS, CRUS, RDNT, MMS, SLNO, TDS, ACAD, KRYS, NSIT, ATMU, SEB, GENI, MIRM, TGNA, KGS, SIMO, IBRX, TARS, LZ, AMR
2025-08-12 14:32:17;DELL, APO, RDDT, TTWO, CCJ, LLYVK, OWL, ALAB, CG, GEN, NBIS, ERIE, U, CELH, FTAI, WTS, CAI, CVLT, SATS, MDGL, FOUR, CDE, LRN, SQM, JXN, ELF, ETSY, PRIM, AEIS, CRUS, ONTO, KNF, MIR, RDNT, GVA, FG, REZI, BCO, DORM, TMDX, YOU, SHC, MWA, NSIT, TGLS, SMG, MLTX, HCC, USLM, TGNA, IPGP, PII, CIVI, KGS, PAGS, AMRX, INDV, LIVN, XENE, EXTR, CLVT, DAN, SYNA, ARWR, IHS, PCT, ATEC, TRN, HUT, DBRG, HCI
2025-08-13 14:31:15;AMD, MRVL, DAL, FIS, STX, IRM, CVE, AMRZ, EXPE, LULU, CDW, BIIB, APTV, BLDR, TEM, ENTG, W, SRAD, AAL, GMED, TECH, UWMC, FOUR, DBX, TIGO, LW, APA, SNV, ETSY, TREX, ALK, GXO, SGHC, MTH, TAL, DAR, WHR, VFC, RKT, REZI, MGY, WSC, NE, SHC, STNE, RHI, ASO, CWK, HOG, KGS, WRBY, PAGS, SGRY, CIVI, OUT, MH, WRD, DAN, CRGY, DXC, CNTA, HUT, ALKT, CENX, OCUL, LQDA, OI, VSH
2025-08-14 14:34:07;LLY, INTC, FDX, RDDT, FUTU, VTRS, AUR, BBIO, SRAD, SIRI, GH, GLXY, CROX, CYTK, LMND, RIOT, PCVX, BTSG, VSAT, MDU, APLS, MGNI, CIVI, KGS, ALHC, PRM, PENN, HUT, NG, NEGG, CC, LFST, OUST
2025-08-15 14:31:47;UBER, NTRA, Z, MDB, TME, CELH, ROKU, ARE, TEM, MRNA, PRMB, OTEX, LYFT, CRSP, FROG, GBTG, GTM, INDV, RXRX, NG, CELC
2025-08-18 14:31:29;LLY, UNH, CVNA, WDAY, ALNY, DKNG, DAL, UAL, INSM, AFRM, FSLR, RKLB, MDB, TEM, DOCS, PCOR, ALB, AAL, ESTC, JBS, GTLB, ALK, SGHC, HNGE, ZETA, OSCR, ADMA, ODD, PENN, ATEC, FOLD, FIVN
2025-08-19 14:31:29;WDAY, FDX, DAL, UAL, APTV, XPO, CNC, DOCU, ICLR, SWK, ALGN, W, AES, AAL, EMN, FBIN, ALK, BBWI, MTH, BRKR, VFC, CE, FMC, SHC, PTCT, FRSH, SSL, CWK, HOG, KGS, CNK, GEO, XRAY, PBF, PENN, RXO, DXC, OLN, NWL, FOLD, CC, PK, CXM, FIVN
2025-08-20 14:31:40;IT, EXAS, TIC
2025-08-21 14:31:24;LLY, ADI, NU, NTRA, RBRK, PSKY, YMM, NIO, BZ, FROG, IAG, NGD, SSRM, ALHC, HSAI, NEXT, NEGG, STNG, FSM, TIC
2025-08-22 14:31:12;UBER, ADI, NU, DKNG, EL, AFRM, NTRA, AS, FUTU, FLEX, PSKY, U, BLDR, RIVN, TEM, ROKU, ENTG, DOCS, YMM, NIO, AGI, BE, CAI, KVYO, HMY, SRAD, FND, LSCC, GAP, FIVE, APA, GTLB, CDE, VIPS, WIX, AAON, LYFT, SLM, BBWI, UPST, MARA, BRKR, VFC, HL, WHR, MRUS, IREN, IAG, SEE, COMP, RSI, CYTK, TGTX, ANF, NE, SMTC, RH, TTMI, WFRD, NGD, BILL, AG, PCVX, VERX, LNTH, KC, VSAT, M, APLS, SIG, VAL, AAP, SSRM, ASAN, ORLA, SEZL, SM, GLOB, ARWR, PENN, ALKT, RXO, CPRI, CRGY, CIFR, NOG, DNLI, FSM, CC, IDYA, CELC, PTEN, LFST, TIC, ACVA, FIVN, TIGR, SHOO, ADPT, NN
2025-08-25 14:32:29;TSLA, APP, RBLX, NU, XYZ, STX, VIK, RKLB, FUTU, FLEX, PSTG, TER, U, COHR, ASTS, BE, SAIL, CAI, SRAD, DINO, BROS, LITE, AA, APA, GTLB, MOD, URBN, SQM, UPST, AMTM, SGHC, AMKR, SBSW, ABVX, DAR, FROG, IREN, COMP, SMR, TTMI, WSC, WFRD, COLD, AG, NXE, OPEN, VSAT, MLCO, INTR, SSRM, MGNI, MUR, SEZL, NMRK, SM, CIVI, GENI, PBF, SOC, PENN, RNG, NG, UUUU, WWW, NOG, FSM, PL, PBI, CENX, DBRG, NN, ENVX
2025-08-26 14:33:26;NVDA, AVGO, PLTR, APP, ADI, RCL, RBLX, CVNA, NXPI, HPE, GFI, SYM, CLS, CRDO, FLEX, PSTG, ASTS, NBIS, U, COHR, CIEN, AVAV, BROS, DINO, LSCC, LITE, AA, GH, KRMN, EAT, SNDK, AMKR, ABVX, VFC, WHR, CLF, RIOT, NOV, ZETA, SHAK, WFRD, NXE, MLCO, CWK, SSRM, VAL, CIVI, UUUU, NG, CIFR, HUT, NN, TIC, CENX, TMC, LZ
2025-08-27 14:31:52;RCL, NET, VRT, XYZ, VIK, SMCI, CRDO, FTAI, IONQ, BROS, GAP, RMBS, APA, CDE, SNDK, AAON, RVMD, ELF, RNA, QBTS, RGTI, OSCR, CORZ, ATAT, NCNO, RUN, LEU, MLCO, SIG, APLS, CIVI, PRM, VKTX, HUT, HTFL, PCT, NOG, LQDA, AMSC, ENVX
2025-08-28 14:31:09;NU, VST, STX, PSTG, MDB, CLS, CRDO, TLN, RBRK, MP, BE, PCOR, KVYO, LITE, ESTC, GTLB, WIX, RVMD, ELF, FLY, GDS, ALGM, GLBE, SMTC, BRBR, BILL, ATAT, INTR, VKTX, ARWR, BRZE, NEXT, PCT, ALKT, LQDA, SEI
2025-08-29 14:31:52;NU, TER, WIX, BRBR, ATAT, AVPT, ALHC, PRM
2025-09-01 14:32:20;BABA, CRWV, RKLB, SNDK, SOUN, GTM, PRM, PBF, HP
2025-09-02 14:31:03;BABA, MDB, SATS, MARA, RIOT, CIFR, ALHC, BHC, HUT, BTDR, CNTA, TMC, ACHC, HP
2025-09-03 14:31:05;APP, RBLX, FUTU, BEKE, RIVN, AGI, SMR, AUR, HMY, TIGO, FLR, QBTS, EGO, GLXY, OSCR, PTCT, PCVX, SSRM, PAGS, IMVT, AEO, OCUL, UPWK
2025-09-04 14:31:45;GLW, STX, DXCM, WDC, CLS, WSM, NTAP, CDE, ELF, ABVX, OSCR, M, SSRM, GENI, PTON, CPRI, FUN, CSAN, ATEC, SDRL
2025-09-05 14:32:23;IOT, SATS, AR, SGHC, SIG, BTU, VSCO
2025-09-08 14:32:28;LRCX, ADSK, MCHP, TER, RBRK, TEM, UWMC, ESTC, FND, ELAN, RVMD, FROG, ETSY, OSCR, COMP, PRM, MLYS, CELC, TIC
2025-09-09 14:31:30;DASH, COIN, NU, MRVL, ALAB, VG, WDC, WBD, CRDO, BIIB, RBRK, CIEN, FTI, PSKY, TTAN, WIX, ROIV, GDS, LUMN, RIOT, BTSG, PONY, FRSH, CIFR, DOCN, FRPT, WRD, CNTA
2025-09-10 14:31:30;PLTR, MU, APH, HOOD, CEG, NU, VST, CPNG, RDDT, WDC, NRG, GRAB, CIEN, LITE, GME, UWMC, IREN, RMBS, LOAR, HL, SGHC, MARA, ALGM, QBTS, UEC, TTMI, BTSG, STNE, GLXY, ANF, APLD, CIFR, NMRK, HUT, DOCN, UUUU, CNTA, CLSK, TVTX, NN, WT
2025-09-11 14:31:20;UNH, DELL, NET, WBD, CVE, OWL, MDB, EIX, DKS, TECK, STLD, HAL, LYB, FTAI, DUOL, AVAV, NCLH, W, KTOS, XP, LINE, CDE, ROIV, RMBS, LBRDK, GTLB, EQX, HL, GDS, ETSY, RIOT, CLF, NE, PTCT, AG, WFRD, WULF, CIFR, HUT, CNK, OLN, CLSK, RXO, KYIV, FSM, SHOO, CENX, CSTM, CTRI
2025-09-12 14:31:33;UNH, UBER, NU, KVUE, TRGP, AU, IBKR, RKLB, GRAB, TPR, EIX, IONQ, ENTG, HIMS, AR, BMNR, KNTK, RGTI, QBTS, EGO, AG, PTCT, CRK, CNTA, BTDR, QUBT, CSAN, AI, EOSE
2025-09-15 14:32:33;CEG, SCCO, NRG, GRAB, TPR, TECK, FTAI, COHR, ENTG, SNDK, SNAP, GME, AUR, CDE, WIX, OLLI, MOD, IAG, QBTS, CLF, REZI, MIR, ORLA, PGY, CC, CSAN, CSTM
2025-09-16 14:36:20;CVE, CLS, STLD, NIO, DINO, BILI, FIVE, SGHC, LCID, MARA, QS, CRSP, ENPH, APLD, BRKR, PONY, MUR, PBF, ALHC, WRD, CSAN, BTU
2025-09-17 14:31:46;ADBE, EFX, HAL, BE, ROKU, ONON, ICLR, SNAP, RVTY, KVYO, LINE, LSCC, MOD, GH, UPST, ETSY, REZI, CRK, BRKR, ALKS, RH, VERX, HCC, SM, RNG, ALKT, BTU, FOLD, PAYO, UPWK, SHOO, CRGY, INOD, LFST
2025-09-18 14:32:11;APP, MU, LRCX, ADBE, HOOD, SNPS, VRT, ALAB, MCHP, EFX, CRDO, STLA, FIG, SMCI, ON, FSLR, LUV, SNDK, NIO, AVAV, ICLR, WIX, NXT, WAL, MRNA, LSCC, MKSI, CORT, UPST, ETSY, ALGM, CORZ, HUT, FRSH, BRZE, CLSK, NMRK, ASAN, PGY, SBET, MIAX, SM, OGN, ALKT, WWW, CENX, CRGY, CSTM, ACHC, EYE, ADNT, FIVN, PWP
2025-09-19 14:31:21;PLTR, SHOP, B, GFI, SOFI, CRCL, SYM, OKLO, COHR, RBRK, JOBY, SMR, W, MNDY, MGM, MMYT, RGTI, QBTS, QS, FLR, MARA, ACHR, CRSP, LEU, RSI, NXE, PONY, ANF, LMND, CLBT, TMDX, PVH, CLSK, RUM, PL, NG, BTU, EOSE, VCYT, UPWK, CENX, BBAI, DGNX, TMC, INOD, SEDG
2025-09-22 14:32:37;TSLA, ORCL, AMD, UBER, SNPS, NET, WBD, SOFI, NBIS, JBL, ASTS, HIMS, SWKS, VTRS, KVYO, LYFT, QRVO, BULL, LCID, AG, APLD, YOU, ZETA, RSI, DJT, TMDX, UUUU, GRND, VCYT, ACMR, TVTX, SEDG, ACHC, PPTA, ENVX
2025-09-23 14:31:25;RCL, CVNA, MRVL, WDC, TRGP, VG, CVE, CLS, NBIS, TTD, HAL, ASTS, RBRK, AVAV, KTOS, AR, MOH, AES, APA, TECH, AAON, SOUN, KNTK, MARA, APLD, LUMN, UEC, MIR, TGTX, BILL, CRK, NXE, BTSG, NOV, PCVX, QFIN, MUR, INTR, PBF, UUUU, CVI, PL, ALHC, SRRK, CIVI, SM, CNTA, SLNO, BBAI, INDV, SEI, NOG, PCT, SOC, INOD, CRGY, HP, PTEN, DK, LBRT
2025-09-24 14:31:46;APP, TRGP, AVAV, SMMT, MOH, KNTK, SGHC, UEC, PONY, TGTX, BTSG, PBF, CRNX, CNTA, BTU, ACMR, IDYA, EYE, CGAU
2025-09-25 14:31:41;CRWV, WBD, JD, EQT, CF, IREN, CORT, LCID, CAR, CRK, NOV, CNX, MUR, BTU, IMVT, EYE, METC, FLNC
2025-09-26 14:31:23;CVE, PR, APA, RRC, MTDR, GXO, AG, CRK, NE, CNX, MUR, CRNX, PII, SM, ASO, CIVI, IMVT, NOG, SHOO, PTEN, LBRT, SVV
2025-09-29 14:32:20;APP, ACN, RBLX, PWR, TTWO, CHTR, CAH, EQT, TTD, NTNX, TECK, CHWY, OKTA, DUOL, KTOS, CELH, HIMS, LBRDK, SBSW, CYTK, HBM, CRK, CRSP, BILL, PCVX, SLNO, MLYS, INDV, XENE, RARE, CENX, GLOB, FRPT, IDYA, SA, DNLI, QMMM, LION
2025-09-30 14:33:52;AMD, MU, CRWV, COR, VRT, CHTR, WDC, NBIS, SMCI, CNC, MOH, EQX, CYTK, BTSG, ALKS, CNX, PCVX, QURE, CNTA, SA, IDYA, ADPT, QMMM
2025-10-01 14:31:30;PLTR, AMD, APP, SHOP, MU, AMAT, DHR, DELL, NEM, COIN, COR, VRT, STX, WDC, CAH, EQT, IQV, SYM, KGC, TER, PAAS, KTOS, ILMN, TEM, ICLR, JOBY, CDE, LITE, MRNA, ELAN, KRMN, SARO, TECH, AVTR, BIRK, SBSW, HL, AAON, IAG, MOD, ACHR, ONTO, AMTM, LEU, BRKR, ARWR, PL, NG, CVI, SBET, HCC, ASO, BTU, EOSE, CIVI, VCYT, INOD, ACMR, CPRI, DNLI, VSCO, METC, NTLA, CERT
2025-10-02 14:33:44;ALAB, IBKR, CRDO, TTD, ASTS, AVAV, CELH, JOBY, RGTI, QBTS, ESTC, CAVA, SOUN, SGHC, LUMN, ALKS, PCVX, PL, VSAT, CVI, SEI, WRD, SRPT, LUNR
2025-10-03 14:31:30;LLY, PFE, BSX, HOOD, CEG, XYZ, A, DAL, IQV, INSM, HUM, NRG, EL, ODFL, FIG, ASTS, IOT, GPN, TLN, DOW, KTOS, TEM, DT, ICLR, ENTG, SNAP, BLDR, QXO, SAIL, RVTY, WLK, AVTR, MKSI, LINE, FIGR, CHYM, ELF, CYTK, WAY, VRNS, RNA, GLXY, CLF, CIFR, PCVX, ALKS, HXL, CE, PL, VSAT, LMND, TMDX, SHAK, RH, UUUU, BTU, RUM, PII, ASO, COLD, MPW, MIAX, RARE, OGN, TIC, YETI, SEZL, GEMI, RXO, GLOB, USAR, FOLD, CPRX, CPRI, ACHC, UNFI, FUN, ENVX, LBRT, COGT, SONO, ADNT, CHA, PRGS, CCOI
2025-10-06 14:37:37;LLY, NVO, SE, NEM, FCX, XYZ, EW, HUM, NTRA, IONQ, ON, TEM, RYAN, XPO, RVTY, ALB, AVTR, LBRDK, QS, APA, ACHR, GH, RIOT, PATH, LUMN, CYTK, SGHC, BTG, HBM, BBWI, PTCT, NE, MUR, VAL, MIAX, GEMI, APLS, RXO, GLOB, PCT, NOG, UNFI, CRGY, INSP, PTEN, LBRT, CCOI, SONO, IRDM
2025-10-07 14:33:26;SYM, EQT, INSM, RKLB, IONQ, AVAV, TEM, RGTI, FIGR, ELF, LEU, AG, MIR, TAC, LMND, VKTX, TMC, NNE
2025-10-08 14:32:10;SYM, EL, AVAV, XPEV, SMMT, MBLY, EQX, RNA, STUB, CRSP, CLF, ALK, QURE, MH, LQDA
2025-10-09 14:34:09;DXCM, STZ, TWLO, PCOR, YPF, MNDY, PATH, RNA, CYTK, SQM, CRNX, GGAL, QURE, VIST, SLNO, RARE, INDV, TVTX, INSP, COGT
2025-10-10 14:31:21;ORCL, ANET, RBLX, SMR, FLR, LEU, CORZ, COMM, MLYS, BBAI, KYIV
2025-10-13 14:34:24;BE, OKLO, MP, EAT, CORZ, PCVX, METC, SA, UAMY, NVTS
2025-10-14 14:34:28;CAT, ARM, AEM, ALNY, WPM, FLUT, SYM, CCJ, TEAM, ASTS, EXPE, HPQ, OWL, OKLO, PINS, DLTR, BWXT, IREN, CDE, BJ, YPF, SARO, AAON, CIFR, SRAD, IAG, SOUN, AAL, MARA, MIR, EAT, BBWI, EOSE, SSRM, VSAT, GGAL, BTU, ORLA, DOCN, VIST, ASO, CWK, BBAI, NMRK, FLNC, PTON, BHF, SA, SHOO, EXK, DBRG, SPHR, ARMN, DK, SVV, BBAR
2025-10-15 14:31:51;WFC, AMAT, ETN, ADI, NEM, AEM, CVNA, NET, TEL, ALNY, REGN, WPM, RKLB, DD, KGC, ADM, HPQ, ASX, TPR, NTAP, CIEN, PINS, FLEX, TOST, ON, SNDK, BG, FTAI, BBY, RIVN, SMR, JHX, LTM, HMY, GNRC, APLD, W, PSLV, QS, EQX, HL, EDU, XP, CIFR, SRAD, FLR, GAP, BTG, AG, SQM, LEGN, HUT, TREX, NGD, PTCT, ALGM, SSRM, ENPH, DAR, ARWR, CLBT, RSI, ORLA, NG, ATAT, FMC, PRM, NMRK, NVTS, KYIV, FSM, RXRX, YETI, SGRY, ENVX, AI, PCT, EXK, DAN, CGAU, MH, IDYA, DYN, VSH, CSTM, ATEC
2025-10-16 14:34:05;TSLA, CEG, NEM, DELL, AEM, ALNY, WPM, STX, WDC, GFI, AU, KGC, ASX, FLEX, SNDK, BG, Z, PAAS, CELH, AGI, ICLR, CDE, HMY, APLD, PSLV, EQX, AVTR, HL, AA, SBSW, XP, GH, BTG, AG, TTMI, EGO, CORZ, NGD, ALGM, FRO, SSRM, STNE, TMDX, HASI, SA, EXK, STNG, CMBT, SGRY, CGAU, VSCO, ABR, CELC, SBLK
2025-10-17 14:31:55;SNPS, STX, EBAY, KDP, EL, STLA, BG, CELH, HOLX, YMM, ACI, AVTR, ELF, WAY, BBWI, TAL, MRP, TMDX, NVST, STNG, VCYT, TVTX
2025-10-20 14:37:57;PLTR, BABA, SHOP, PLD, SNPS, ABNB, NU, FAST, RKT, EBAY, EL, MCHP, HUM, MDB, NTRA, TTD, LULU, GFS, LUV, ILMN, DECK, BAH, ROIV, BAX, ELAN, SWK, RMBS, LSCC, ALGN, MKSI, XP, UWMC, GAP, AMKR, KNX, ESI, FBIN, VFC, BILL, TAL, STNE, CE, TMDX, PVH, LBTYK, NVTS, ASAN, NMRK, IMVT, APLS, BEAM, YETI, LBRT, IDYA, DNLI, HAE, INSP, DYN, ATEC, SONO, LFST
2025-10-21 14:33:46;COF, ABNB, USB, NU, PYPL, WDAY, RKT, XYZ, TEAM, DAL, CCL, HUM, NUE, IR, EXPE, SYF, DXCM, MDB, TTD, AFRM, VG, PINS, IOT, IT, LUV, TWLO, XPO, FUTU, DOCU, ROIV, PCOR, SWK, AR, MNDY, ALGN, EDU, BROS, UWMC, ESTC, LYFT, GTLB, FND, KNX, SIRI, KVYO, FLS, FBIN, S, VFC, TAL, FROG, SLM, OSCR, BILL, CE, OS, VERX, COMP, CUK, LBTYK, CARG, ASAN, APLS, GTM, NMRK, CNK, BRZE, RXO, PAGS, NCNO, YETI, CPRX, RNG, ALKT, INSP, SPHR, ATEC, PTEN, FUN, CSTM, WWW, PAYO, CHA
2025-10-22 14:37:54;MMM, RCL, WDAY, DHI, DLTR, FBIN, CZR, LNTH, ADMA, GTM, FRPT, AEO, RNG, INSP
2025-10-23 14:33:41;ANET, VLO, NTRA, NXT, DINO, DAR, CVI, PBF, APLS, VIST, PAGS, PTEN, DK, PARR
2025-10-24 14:36:12;AMD, BABA, IBM, MU, APP, LRCX, AMAT, DELL, SNPS, GLW, SLB, STX, WDC, LVS, CLS, STT, ALAB, SNDK, CIEN, JBL, COHR, FUTU, LITE, RMBS, PEGA, AVTR, LSCC, BILI, AAL, GH, AAON, PATH, LUMN, AMKR, NTSK, REZI, VLY, HXL, NE, ABTC, TMDX, CLBT, COMP, VAL, MIAX, NMRK, GTX, INDV, WRD, ACMR, CRCL, LUNR
2025-10-27 14:32:19;LRCX, ARM, KLAC, DELL, MRVL, PCAR, LVS, NOK, STLD, FTAI, DOW, U, RVMD, EXEL, PII, NP, IMVT, ANF, PAGS, SRRK, SGRY, RNG, FUN, FOLD, IDYA
2025-10-28 14:38:21;TSLA, GE, APH, SNOW, HWM, EW, SYM, NUE, STLD, FTI, RIVN, ATI, W, RGTI, LUMN, GAP, TSEM, CYTK, CLF, CORZ, OPEN, PCVX, CLSK, HUT, VSAT, OS, APLS, RARE, AAP, IDYA, GLOB, FOLD, PPTA, TVTX, AI, GEMI, VSH, SRPT, LQDA, PRCT
2025-10-29 14:31:38;PLTR, APH, HCA, RBLX, GLW, FCX, BE, SNDK, CIEN, STLD, JBL, FUTU, NVT, FTI, LITE, YPF, AGI, KRMN, LSCC, TSEM, AMKR, UEC, GGAL, SQM, HBM, NGD, TGTX, ALKS, OS, VIST, INTR, BBAR, LBRT, AMSC, SPHR, SA, OCUL, PCT, NNE
2025-10-30 14:36:14;CRWD, HCA, GLW, STX, WBD, NRG, ALAB, TER, NTRA, JBL, OKLO, BWXT, ROKU, ROIV, SMR, KRMN, GH, LUMN, ABVX, LEU, KEX, ARWR, NOV, CRK, TAC, RAL, TMDX, VKTX, PBF, FLNC, SEI, LBRT, HP, NNE, DK, PARR
2025-10-31 14:31:50;REGN, PWR, ALAB, TER, ODFL, BIIB, UMC, INCY, ILMN, XPO, QS, ESTC, TSEM, QRVO, WIX, LNC, CYTK, TTMI, GSAT, BVN, TGTX, PTCT, LBTYA, LBTYK, NP, CELC, MLYS, KGS, BHC, OCUL, VRDN, DQ
2025-11-03 14:35:57;LLY, TEAM, CTSH, DOCU, MNDY, LYFT, GTLB, WIX, AMKR, LEGN, S, ARWR, PTCT, EGO, PTGX, ATAT, VIAV, ADMA, BRZE, VCYT, AEO, COGT, RCUS
2025-11-04 14:36:06;IRT, AKR, INSP
2025-11-05 14:36:09;LLY, WDC, CTSH, VRSK, AWK, NXT, RYAN, EXEL, HSIC, HALO, GGAL, ESI, ALKS, COMP, NSA, IRT, AMRX, BBAR, BRSL, VCYT, GT, SLDE, LC, SMPL
2025-11-06 14:33:45;MU, CMCSA, BMY, MAR, STX, WDC, CLS, DAL, TRGP, EQT, KEYS, IR, TER, CIEN, FOX, FOXA, EXE, WSM, FLEX, COHR, BG, ILMN, CNC, APTV, FTI, LUV, RYAN, MGA, ROIV, BALL, AGI, ALLY, MTSI, JEF, RVMD, PCOR, BWA, MKSI, HSIC, MTCH, LNC, OMF, PTCT, VNT, NOV, SEE, EGO, RAL, ALK, MAC, CNX, PBF, BRSL, ATEC, SHOO, ARX, GLOB, TDC, VNET, IAC, DAN, SMPL
2025-11-07 14:35:59;SGI, CTRE, REYN, SBRA, SSL, HAE, YETI, GRND, MRX
2025-11-10 14:33:57;MU, APP, AMGN, REGN, DDOG, WDC, LVS, DAL, EBAY, SNDK, EXPE, IRM, NTRA, DKNG, INCY, LULU, CG, ILMN, LUV, PFGC, W, WYNN, SN, GH, AKAM, RMBS, ALB, JEF, TXRH, TSEM, HL, WAL, BROS, GAP, HSIC, CTRE, LNC, VIPS, OLLI, KNX, SQM, TTMI, GSAT, GLBE, BRKR, URBN, GTES, WH, NGD, M, ALKS, ALK, YOU, ATAT, EBC, BTU, NG, MLCO, CELC, ATEC, GRND, SPHR, CPRI, FSM, PPTA, SEDG, DQ, DNLI, CSTM, LC, HTZ
2025-11-11 14:34:48;AVGO, LLY, AMGN, CVNA, MPC, VLO, PBR, LVS, IOT, RIVN, AMCR, EXPD, SN, AKAM, CCK, TSEM, BROS, APA, GSAT, EMN, BRKR, OPEN, ETSY, LMND, S, PTGX, GKOS, COMP, CNX, MTDR, VIST, LAUR, QTWO, MUR, LBTYK, ORLA, MLCO, NVST, BRSL, PAGS, NCNO, YETI, APLE, HP, CON, MRX, EXK, NOG, TXG, SLDE, ALKT, GPCR, LION
2025-11-12 14:31:51;LLY, AMGN, KKR, SBUX, APO, ABNB, CI, CVNA, FDX, MPC, BDX, FANG, AU, TRGP, TEVA, EXE, DVN, DD, GEN, IFF, RGLD, ROKU, YPF, LYB, QXO, GH, ALB, JEF, EXEL, ELAN, TSEM, CART, NYT, GNRC, CFLT, LEVI, DBX, GTLB, SQM, FND, ETSY, GLBE, SGHC, PCVX, LEGN, VFC, COMP, CWAN, RAL, SHC, SSL, DLO, NIQ, ADMA, TREX, CELC, HAE, NVST, RARE, ATEC, AAP, SHOO, RHI, SPHR, INSP, DAN, BHC, RCUS, RNG, OLN, ALKT, PGNY, SONO
2025-11-13 14:31:58;QCOM, CI, FDX, BDX, MET, DAL, EQT, EXPE, UAL, TEVA, NTR, EXE, AXIA, DVN, BEKE, LUV, YPF, TXRH, EQX, MGM, SFM, VFC, PTCT, GTES, SLM, LTH, RAL, GKOS, COGT, NIQ, ORLA, BTU, VERX, TVTX, KGS, ARMN, OLN
2025-11-14 14:31:59;REGN, CI, CART, TTEK, AVTR, DAR, MTDR, GLOB
2025-11-17 14:33:19;MRK, BIIB, YPF, ATI, SQM, CWAN, LGN
2025-11-19 14:34:25;BABA, WBD, INSM, PAAS, YPF, AGI, RVMD, AHR, SQM, SBSW, MOH, CWAN, BVN, EAT, RUN, ORLA, NG, PAGS, PPTA, LRN, RELY, SA, AUPH
2025-11-20 14:32:23;ASML, C, BX, INTC, GEV, ETN, BN, NU, APO, RCL, PWR, VRT, BKR, ARES, FANG, CCJ, IBKR, VIK, SYF, STLD, CFG, AS, GFS, TRMB, FTI, NVT, FTAI, BWXT, OKLO, YPF, LTM, PR, JEF, MP, AR, FHN, JHX, OVV, RRC, LSCC, QBTS, KRMN, BIRK, FROG, APLD, SGHC, CGNX, GDS, BTSG, EAT, HRB, FRO, GKOS, LMND, MTDR, GLXY, CELC, MUR, CRNX, SRRK, WHR, FORM, ADMA, COMM, KC, PL, HNGE, GRAL, PAGS, SEI, CMBT, PPTA, LRN, SPHR, LBRT, BANC, FRPT, WRD, ADPT, GT, ALKT, WRBY
2025-11-21 14:32:16;RYAN, ADMA, LNTH, LRN, RCUS, KMPR, TXG
2025-11-24 14:37:56;GOOG, CAT, MRK, ISRG, SHOP, TXN, REGN, APO, GM, ROST, ARES, NTRA, UAL, STLA, TSCO, BIIB, NTRS, ALAB, HPQ, COHR, TPR, NTAP, TPG, KEY, ILMN, GFS, ON, TWLO, RIVN, LITE, U, XPO, SOLV, GH, BBIO, TEM, WYNN, IONS, MTSI, ALLY, KTOS, JEF, HMY, MKSI, TECH, LSCC, KRMN, AMKR, LNC, WLK, QRVO, VNO, PTCT, BTSG, GDS, SMTC, GKOS, COGT, TGTX, SHC, ALGM, CZR, NAMS, SRRK, PRM, COMM, DLO, CNTA, GRAL, ARQT, HNGE, SLG, BRZE, DYN, ATEC, INSP, FSM, RUM, EWTX, BTDR, ARMN, TXG, VNET, GEO, SEDG, SGRY, ZIM, SMPL
2025-11-25 14:34:43;AMZN, MS, MRK, GS, C, CVNA, B, WDAY, ZTS, CPNG, A, DAL, GFI, GEHC, NUE, KGC, UAL, EXPE, STLD, CFG, AFRM, NTAP, LULU, INCY, TECK, AS, TSN, ILMN, ON, THC, CDW, LUV, PAAS, RGLD, DOW, COO, LYB, AGI, SOLV, RVMD, BBIO, EQH, WYNN, IONS, ALLY, GMED, JEF, RVTY, HMY, JHX, AA, HL, CDE, WBS, ARE, WAL, AAL, KRMN, CRL, ONB, UGI, TTAN, COLB, AMKR, IAG, AVTR, WLK, QRVO, LNC, OPEN, VNO, BRKR, WAY, CLF, GDS, CMC, SNV, PCVX, OR, EAT, MAT, VLY, ARWR, ESI, COMP, AG, HXL, EGO, NGD, SLM, FBIN, GXO, PTGX, RAL, KRC, BILL, YOU, SHC, OPCH, FLG, REZI, ALK, EBC, OSCR, ADMA, GRAL, SRRK, ORLA, WHR, STUB, AROC, ACAD, FORM, UPST, LNTH, ALHC, TREX, SLG, CARG, ETOR, AEO, WSC, FULT, YETI, ARX, IDYA, GTM, SHOO, VSCO, KGS, CPRI, HOG, RUM, FSM, DNLI, BANC, RHI, CENX, TDC, IAC, DAN, REVG, CGAU, BEAM, RNG, DRVN, GENI, BHC, SBLK, EXK, DXC, UNFI, CSTM, XRAY, GEO, SLDE, SONO, SGRY, ZIM, MODG
2025-11-26 14:34:23;AVGO, TSM, ASML, HD, MU, SHOP, LRCX, APP, C, INTC, APH, LOW, HCA, SCCO, HOOD, NEM, REGN, HWM, NET, VRT, WBD, ZTS, WDC, WPM, SYM, DHI, AU, XYZ, TKO, GFI, CRWV, SOFI, KGC, LYV, HUM, DKNG, ODFL, EXE, CRDO, TER, DG, AFRM, OWL, DVN, TPR, LULU, WSM, JBL, DLTR, TECK, SATS, CNC, SGI, U, NVT, IONQ, APTV, DOW, DD, COO, LYB, SOLV, AGI, W, ROKU, EQH, TOL, WYNN, JOBY, KTOS, BLDR, JEF, PR, PCOR, HAS, KLAR, JHX, TSEM, IVZ, ALGN, YMM, HL, EQX, ABVX, GAP, CDE, WBS, DOCS, XP, BROS, MGM, CNM, PSN, SBSW, IAG, LW, LUMN, WLK, VIPS, GSAT, CRK, CHYM, PATH, TTMI, CLF, EMN, FND, GDS, ONTO, EAT, ARWR, MAT, SMTC, ESI, FOUR, AG, LTH, COGT, SLM, M, EGO, NGD, PRMB, GXO, WH, DAR, KMX, RAL, MTDR, ALK, LGN, CZR, MUR, OSCR, WHR, ANF, HASI, VVV, LNTH, CWK, EOSE, LBTYA, INSP, PII, SHAK, TREX, ENPH, SLG, WSC, MPW, AEO, ATEC, YETI, IDYA, ASO, COCO, RCUS, GTM, CPRI, PPTA, HOG, BTDR, RHI, NUVB, ARMN, SA, DAN, EWTX, ZIM, CAKE, CRGY, PGNY, PARR, EYE, UNFI, SONO, SGRY, GEO, MODG, ACMR, MGNI, LION, DEI, PAYO, OI, LC
2025-11-27 14:32:10;AVGO, TSLA, WMT, CAT, GS, APP, BA, HOOD, NEM, SNPS, COIN, PWR, WBD, STX, SYM, ARES, WPM, DHI, CMG, AU, DAL, TGT, GFI, CLS, TKO, NUE, KGC, HUM, TER, ALAB, PHM, STLD, COHR, DG, IP, GFS, SW, PAAS, FIG, IFF, DOW, RGLD, AGI, RVMD, ALB, SN, TOL, WYNN, IONS, DECK, ZTO, HMY, PR, SWK, AA, HL, EQX, CDE, XP, BAX, MGM, MBLY, FIVE, SQM, SBSW, IAG, SARO, UGI, LW, WLK, VIPS, BIRK, ARWR, MOH, CIFR, CMC, GGAL, GLBE, AG, MAT, WULF, NGD, TMHC, FBIN, EGO, LMND, DAR, SHC, ALKS, CZR, SSRM, ORLA, HUT, ELF, ANF, CROX, WHR, CRNX, STNE, KBH, PRM, EOSE, CLSK, NG, INTR, ETOR, ATEC, RARE, BBAR, RCUS, DJT, COCO, PPTA, CPRI, FSM, ASAN, BTDR, DNLI, ARMN, SA, RELY, APLS, EWTX, CGAU, EXK, GT, CAKE, MODG, CSTM, SRPT, VERA, LION, BUR, OI
2025-11-28 14:32:46;TSLA, WMT, MS, GS, INTC, COF, PYPL, VLO, DHI, CMG, XYZ, FLUT, EL, KEYS, IR, HUM, DKNG, CRDO, TER, PHM, DLTR, TSN, CG, APTV, Q, APG, LYB, AGI, ONON, DOCU, EMBJ, CART, IVZ, XP, FRMI, BROS, UWMC, SQM, GNRC, BZ, AMKR, UGI, WLK, SFM, LNC, CIFR, CRK, OMF, EMN, APLD, PTCT, ONTO, WULF, NGD, SLM, KNTK, ETSY, CORZ, PONY, CCC, LEU, HUT, ADMA, LAUR, ELF, STNE, GRAL, ATAT, HASI, CLSK, SHAK, BBWI, ETOR, FLNC, AEO, BBAR, GTX, ASO, COCO, FSM, RELY, CGAU, DNOW, EXK, GENI, MODG, DK, CSTM, DXC, RXO, VERA, LION, SEDG, SBET
2025-12-01 14:32:24;MU, PSTG, AS, XPO, ONON, MTDR, PACS, LGN, MUR, ATAT, INDV, INTR, FSM, HP, DNOW, CSTM, GEO, SM
2025-12-02 14:33:18;NVDA, ORCL, PLTR, AMD, APP, VRT, ALNY, RKT, RDDT, CRWV, CCJ, EL, CIEN, ALAB, COHR, NBIS, JBL, AS, SGI, U, ONON, RBRK, MTSI, TSEM, RMBS, BROS, UWMC, LUMN, APLD, GSAT, CAI, ONTO, FND, SMTC, PRMB, NXE, PACS, ELF, STNE, COMM, FORM, ACAD, DOCN, PL, BBAR, GTM, LBRT, DAN, GRND
2025-12-03 14:31:57;INTC, MRVL, DAL, EL, UAL, MCHP, HAL, JBHT, ONON, HL, ALGN, MKSI, ARWR, BETA, CAVA, ALK, ALGM, BTU, CMBT, SA, ARMN, FRPT, CENX, VERA, GEO
2025-12-04 14:33:39;ALNY, ODFL, HUM, DLTR, JBHT, DECK, MTSI, OVV, LSCC, OC, GNRC, ARWR, CHYM, KNX, BIRK, PATH, SOLS, FND, SRAD, MMYT, MAT, LEGN, VIST, LGN, CROX, UPST, PL, RUM, CPRI, AAP, GLOB, FLY, SLNO, BEAM, DRVN, CRGY, PTEN, GEO, RXO, NOG, SRPT, SBET, POWI
2025-12-05 14:31:45;AMAT, SHOP, CDNS, CVNA, RBLX, ODFL, TPR, IOT, DLTR, FLEX, FTAI, BURL, RVMD, DECK, SMMT, QXO, KLAR, CHYM, TTAN, CRK, TTMI, ALK, CELC, CRNX, ACAD, ARQT, CGON, BTU, ARX, IDYA, VRDN, APLS, VERA, NOG, SRPT, ACMR, LUNR
2025-12-08 14:33:49;PLTR, AMD, MU, CLS, SNDK, MDB, TER, HPE, ALAB, RKLB, TPR, FLEX, SMCI, RVMD, SN, ROKU, QXO, ENTG, RMBS, PEGA, CHYM, FIGR, MNDY, FROG, TTMI, SMTC, BTSG, SGHC, ETSY, ZETA, DOCN, CNTA, BRZE, OCUL, RXO, WRBY, USAR, ACMR, NVTS, MGNI, GPCR, ZYME
